No ,Sunda,Indonesia
1,Angel ,Bantal
2,Ayeuna,sekarang
3,Angger,Tetap
4,Anggo,Pakai
5,Anggoan,Pakaian
6,Aang,Kakak
7,Angkat,Pergi
8,Abah,Bapak
9,Angkeng,Pinggang
10,Abdi ,Saya
11,Abot,Berat
12,Angkeut,Dagu
13,Acan,Belum
14,Anjeun, Kamu
15,Adat,Tabiat
16,Anjeunna,Dia
17,Adeuk,Akan
18,Anom,Muda
19,Adi,Adik
20,Antawis,Antara
21,Adigung,Angkuh
22,Anteur,Antar
23,Adil,Adil
24,Agan,Tuan
25,Antukna,Akhirnya
26,Ageung,Besar
27,Anu/nu,Yang
28,Agul,Sombong
29,Anyar,Baru
30,Aheng,Aneh 
31,Aos,Baca
32,Aing ,Saya
33,Apa,Bapak
34,Ajag,Srigala
35,Apal,Hafal
36,Ajeng,Mengajukan
37,Api-api,Pura-pura
38,Ngajleng,Lompat
39,Aprak,Jelajah
40,Apu,Batu Kapur
41,Akang,Kakak
42,Arek ,Akan
43,Akar,Akar
44,Areung,Arang
45,Aki,Kakek
46,Arit,Celurit
47,Aksara,Tulisan 
48,Artos,Uang
49,Ali,Cincin
50,Asa,Sepertinya
51,Alim,Tidak Mau
52,Asak, Matang
53,Alit,Kecil
54,Asin,Asin
55,Almenak,Almanak
56,Astana,Pekuburan
57,Alo,Keponakan
58,Astra,Wajah
59,Alung,Lempar
60,Asup,Masuk
61,"Alus, Sae",Bagus
62,Atah,Mentah
63,Amang ,Paman
64,Atanapi,Atau
65,Amarah,Emosi
66,Ambeh,Agar
67,Ateul,Gatal
68,Ambek,Marah
69,Atik,Didik 
70,Ambekan,Hawa Nafsu
71,Atikan,Ajaran
72,Ambeu,Mencium Bau
73,Atoh,Senang
74,Ambu,Ibu
75,Atos,Sudah
76,Ameng,Bermain
77,Atra / Jatra,Jelas
78,Amis,Manis
79,Awak,tubuh
80,Ampar,Tilam
81,Awang-awang,Angkasa
82,Ampir,Hampir 
83,Awewe,Perempuan 
84,Anak,Anak
85,Awi,Bambu
86,Ancin,Sedikit Makan
87,Awis,Mahal
88,Anclub,Turun ke air
89,Awon,Jelek
90,Ancur,Hancur
91,Aya,Ada
92,Andiprek,Lesesan
93,Ayak,Saring
94,Anduk,Handuk
95,Ayakan,Saringan
96,Bau,Bau
97,Bawa,Bawa
98,Bayah,Paru-paru
99,Bayawak,Biawak
100,Bayeungyang,Gerah
101,Bayuhyuh     ,gemuk
102,beak,habis
103,beusi,besi
104,beuteung,perut
105,bewara,berita
106,biang,ibu
107,biantara,pidato
108,bieu,barusan
109,bikang,betina
110,butuh,perlu
111,butut,jelek
112,buruy,anak katak
113,babar,lahir
114,babaturan,teman
115,badag,besar
116,bade,akan
117,bagean,bagian
118,bagel,keras
119,bagja,bahagia
120,bagong,babi hutan
121,baham,mulut
122,baheum,kulum
123,bahe,tumpah
124,baheula,dahulu
125,bajing,tupai
126,bakal,akan
127,balad,teman
128,balang,lempar
129,balangsat,melarat
130,balangsat,miskin
131,baledog,lempar
132,baleg,dewasa
133,baleuy,tidak terlalu panas
134,balik,pulang
135,balong,kolam
136,balung,tulang
137,bancet,anak katak
138,banga,ribet
139,bangir,mancung
140,bangkawarah,kurang ajar
141,bangke,bangkai
142,bangkong ,katak
143,bangkuang ,bengkuang
144,bango,bangau
145,bantos,bantu
146,bantun,bawa
147,baraya ,saudara
148,bared,tergores
149,bareuh,bengkak
150,bari,basi
151,barusuh,sariawan
152,basa,bahasa
153,basa ,ketika
154,basa,saat
155,baseuh,basah
156,basisir,pesisir
157,bati,laba
158,batur,orang lain
159,bilatung,belatung
160,binangkit,kreatif
161,bingah,gembira
162,bingah,geraham
163,bingung,kalut
164,bireuk,tidak kenal
165,bisluit,surat keputusan
166,bitis,betis
167,bitu,meledak
168,biwir,bibir
169,bobo,tidur
170,bobo,lapuk
171,boboko,bakul
172,bobos,kentut
173,bobotoh,pendukung
174,bodas,putih
175,beha,bra
176,beas,beras
177,bebene,kekasih
178,bedegong,bandel
179,bedil,senjata laras panjang
180,bedog,golok
181,begal,perampok
182,begang,kurus
183,beja,kabar
184,beja,berita
185,beke,pendek
186,bekong,mug besar
187,belegug,bodoh
188,belegug,tolol
189,belejog,tipu
190,belenyeh,tertawa kecil
191,belesek,amblas
192,belet,bodoh
193,bencong,waria
194,boga,punya
195,bendu,marah
196,bojo,isteri
197,bener,benar
198,boloho,bodoh
199,bodor,lawak
200,bengkok,lengkung
201,bolokot,kotor oleh lumpur
202,bengkung,bongkok
203,bongoh,lengah
204,bosen,bosan
205,bentang,bintang
206,buah,mangga
207,budah,buih
208,bentar,petir
209,budak,anak
210,benten,beda
211,bueuk,burung hantu
212,bere,memberi
213,bujal,pusar
214,berehan,sopan
215,bujangan,jajaka
216,beberesih,bersih
217,bujur,pantat
218,beresin,bersin
219,buk-bak,obrak-abrik
220,berkat,bingkisan
221,buktos,bukti
222,beuheung,leher
223,buku,buku
224,beulah,belah
225,bulan,bulan
226,beuleum,bakar
227,bulao,biru
228,beuli,beli
229,buleud,bulat
230,beulit,lilit
231,bumi,rumah
232,beungeut,wajah
233,bungah,gembira
234,beunghar,kaya
235,buni,tersembunyi
236,beungkeut,ikat
237,buntut,ekor
238,beurang,siang
239,bureuteu,gendut
240,beurat,berat
241,buru,cepat
242,beureum,merah
243,buruan,halaman rumah
244,beurit,tikus
245,buruh,upah
246,Caah,Banjir
247,Caang,Terang
248,Cabak,Raba
249,Cabok,Tampar
250,Cacag,Cingcang
251,Cadu,Tidak Pernah
252,Cagak,Cabang
253,Cageur,Sehat
254,Cai,Air
255,Cakcak,Cecak
256,Caket,Dekat
257,Calacah,Abu Rokok
258,Calakan,Rajin
259,Calana,Celana
260,Caletot,Tertipu
261,Calik,Duduk
262,Candak,Ambil
263,Cangcang,Ikat
264,Cangkeng,Pinggang
265,cangkurileung,burung
266,cape,lelah
267,capit,jepit
268,caram,larang
269,carang,jarang
270,carek,larang
271,careham,geraham
272,careuh,musang
273,caringin,beringin
274,carios,cerita
275,carita,kisah
276,caroge,suami
277,carpon,cerita pendek
278,cawet,celana dalam
279,cekap,beunghar
280,ceker,kaki unggas
281,cempor,lampu minyak
282,cenang,bisul
283,cengek,cabai rawit
284,cengkat,bangun
285,centang,sentil
286,cepil,telinga
287,cerewed,cerewet
288,ceundeum,mendung
289,ceuk,kata
290,ceumpal,lap
291,ceurik,menangis
292,ciak,anak ayam
293,ciduh,ludah
294,cikur,kencur
295,cilaka,celaka
296,cileuh,kotoran mata
297,cingceng,gesit
298,cingcin,cincin
299,cingir,kelingking
300,cingogo,jongkok
301,cipruk,basah
302,ciri,tanda
303,citak,cetak
304,ciwit,cubit
305,cobi,coba
306,coet,cobek
307,cokor,kaki(binatang)
308,cokot,ambil
309,colok,jotos
310,comel,banyak omong
311,comot,mengambil sedikit
312,congcorang,belalang sembah
313,coplok,lepas
314,cucuk,duri
315,cucunguk,kecoa
316,cukang,jembatan
317,cunihin,genit 
318,cureuleuk,jeli
319,curuk,jari telunjuk
320,dangdos,rias
321,danget,saat
322,dangu,dengar
323,darehdeh,ramah
324,datang,sampai
325,dayeuh,kota
326,deet,dangkal
327,denge,dengar
328,deudeuh,sayang
329,deui,lagi
330,deukeut,dekat
331,deuleu,lihat
332,deungeuna,lauk pauk
333,dewek,saya
334,diajar,belajar
335,digjaya,sakti
336,dina,di
337,dines,dinas
338,diuk,duduk
339,doja,ganggu
340,domba,biri-biri
341,dongkap,tiba
342,du'a,do'a
343,dudukuy,topi
344,dugi,tiba
345,duit,uang
346,duka,tidak tahu
347,dulur,saudara
348,dumasar,berdasarkan
349,dunungan,majikan
350,dunya,dunia
351,dupak,senggol
352,duriat,perasaan cinta
353,duruk,bakar
354,dadali,burung garuda
355,daek,mau
356,dago,tunggu
357,dahar,makan
358,dahuan,kakak ipar
359,dalapan,delapan
360,damang ,sehat
361,damar,lampu 
362,damel,kerja
363,damis,pipi
364,dampal,telapak
365,endah,indah
366,endeur,bergetar
367,endog,telur
368,enggal,cepat
369,enggeus,sudah
370,engke,nanti
371,enjing,besok
372,enjing,pagi
373,enjing-enjing,pagi-pagi
374,entog,bebek
375,entong,jangan
376,enya ,iya
377,era,malu
378,etang,hitung
379,etangan,hitungan
380,eueut,minum
381,eujeung,dengan
382,euleum,cukup
383,eunteung,cermin
384,euntreup,hinggap
385,eurad,jerat
386,eureun,berhenti
387,eusi,isi
388,eces,jelas
389,ekek,burung betet
390,eleh,kalah
391,eleketek,gelitik
392,elmu,ilmu
393,embe,kambing
394,embung,tidak mau
395,empang,kolam
396,emut,ingat
397,gabrug,terkam
398,gado,dagu
399,gaduh,punya
400,gajih,lemak
401,galengan,pematang sawah
402,galeuh,beli
403,galing,ikal
404,galumbira,bergembira
405,galungan,gumul
406,galur,jalan
407,gampang,mudah
408,gampil,mudah
409,gampleng,tampar
410,gancang,cepat
411,gandeng,berisik
412,gantar,galah
413,gapura,gerbang
414,garing,kering
415,garo,garuk
416,garong,pencuri
417,garwa,istri
418,gawe,kerja
419,gawir,jurang
420,gayor,sangga
421,gayot,gantung
422,gede,besar
423,gedong,gedung
424,gegel,gigit
425,geheng,hangus
426,gehgeran,latah
427,geleng,gilas
428,geleng,lindas
429,gelo,gilas
430,gelut,berkelahi
431,gembul,lahap
432,genep,enam
433,gentos,ganti
434,gepok,tumpuk
435,gering,sakit
436,gero,panggil
437,getek,geli
438,geter,getar
439,getih,darah
440,getok,jitak
441,getol,rajin
442,geugeut,sayang
443,geulang,gelang
444,geuleuh,jijik
445,geulis,jelita
446,geumpeur,gugup
447,geuneuk,lebam
448,geunjleung,tersiar
449,geutah,getah
450,gigir,samping
451,gimir,jerih
452,girimis,gerimis
453,gitek,goyang
454,giwang,anting
455,gogog,anjing
456,gohgoy,batuk
457,goreng,jelek
458,gorobag,gerobak
459,gugah,bangun tidur
460,gugunungan,bukit
461,gugusi,gusi
462,guguyon,humor
463,guha,goa
464,gula,gula
465,guludug,guntur
466,gumbira,gembira
467,gumilang,gemilang
468,gumujeng,ketawa
469,gundam,gigau
470,gurilap,gemerlap
471,halabhab,haus
472,halimpu,merdu
473,halimun,kabut
474,halis,alis
475,halodo,musim kering
476,hambar,tawar
477,hampang ,ringan
478,hitam,hideung
479,hieum,rindang
480,hiji,satu
481,hilap,lupa
482,hileud,ulat
483,hilik,awas
484,hilir,ilir
485,hipu,lunak
486,hampas,ampas
487,hamperu,empedu
488,hampura,maaf
489,hanaang,haus
490,handap,bawah
491,haneut,hangat
492,hanjakal,menyayangkan
493,hanjelu,sesal
494,hanyir,bau amis
495,hapa,hampa
496,hapunteun,mohon maaf
497,harangasu,jelaga
498,haratis,gratis
499,harep,harap
500,hareudang,gerah
501,hareup,depan
502,harewos,bisik
503,hariring,dendang
504,hariwang,cemas
505,harkat,martabat
506,harti,arti
507,haseum,asam
508,haseup,asap
509,haur,bambu
510,haweuk,loba
511,hayam,ayam
512,hayang,mau
513,hayu,ayo
514,hees,tidur
515,hejo,hijau
516,hemeng,heran
517,henteu,tidak akan
518,herang,bening
519,hese,susah
520,heueuh,iya
521,heubeul,dahulu
522,heulang,elang
523,heuleut,saat
524,heureut,menyempit
525,heureuy,becanda
526,hideng,rajin
527,hirup,hidup
528,hitut,kentut
529,honcewang,bimbang
530,hoream ,malas
531,hoyong,ingin
532,huut,gabah
533,hudang,bangun tidur
534,huis,uban
535,hujan,hujan
536,hulu,kepala
537,huma,ladang
538,huntu,gigi
539,hurang,udang
540,hurung,nyala
541,hutang,utang
542,hyang,dewa
543,Ibak,Mandi
544,Iber,Kabar
545,Ibing,Menari
546,Ibu,Ibu
547,Ibun,Embun
548,Ical,Jual
549,Ical,Hilang
550,Icip,Cicip
551,Idek,Didekatkan
552,Ieu,Ini
553,Iga,Rusuk
554,Igel,Menari
555,Ijid,Jijik
556,Ilahar,Normal
557,Imah,Rumah
558,Imbit,Pantat
559,Impleng,Membayangkan
560,Imut,Senyum
561,Incer,Incar
562,Incok,Encok
563,Incu,Cucu
564,Indit,Pergi
565,Indung,Ibu
566,Inget,Ingat
567,Inggis,Gelisah
568,Ingkab,Ketiak
569,Ingkab,Ketek
570,Ingkig,Pergi Meninggalkan
571,Ingon,Ternak
572,Injeum,Pinjam
573,Injuk,Ijuk
574,Inohong,Tokoh
575,Inteun,Intan
576,Ipis,Tipis
577,Iraha,Kapan
578,Irong,Lihat
579,Irung,Hidung
580,Ised,Geser
581,Isin,Malu
582,Istenan,Memperhatikan
583,Isteri,Wanita
584,Isteri,Perempuan
585,Isuk,Pagi
586,Isuk,Besok
587,Isukan,Besok
588,Isuk-isuk,Pagi-pagi
589,Itu,Itu
590,Itung,Hitung
591,Iuh,Teduh
592,Iwal,Kecuali
593,Jaga,Kelak
594,Jagjag,Sehat
595,Jagong,Jagung
596,Jail,Jahil
597,Jajaka,Jejaka
598,Jajaka,Pemuda
599,Jajanten,Ilmu Kesaktian
600,Jalma,Manusia
601,Jalma,Orang
602,Jalmi,Manusia
603,Jalmi,Orang
604,Jalu,Jantan
605,Jampana,Joli
606,Jampe,Mantera
607,Janari,Pagi Buta
608,Jandela,Jendela
609,Jangar,Pusing
610,Janggot,Janggut
611,Jangjang,Sayaap
612,Jangji,Janji
613,Jangkorang,Tinggi Kurus
614,Jangkrik,Jangkrik
615,Jangkung,Tinggi
616,Janten,Jadi
617,Japati,Merpati
618,Kawas,Seperti
619,Ka,Ke
620,Kawasa,Kuasa
621,Kawentar,Washur
622,Kawih,Lagu
623,Kawilang,Terbilang
624,Kawih,Lagu
625,Kawilang,Terbilang
626,Kawit,Berasal
627,Kawon,Kalah
628,Kawung,Enau
629,Kayas,Merah muda
630,Kayas,Pink
631,Kebon,Kebun
632,Kecap,Kalimat
633,Kedul,Pemalas
634,Kelek,Ketiak
635,Kelek,Ketek
636,kelenci,kelinci
637,Kelir,Warna
638,Kelir,Corak
639,Kembang,Bunga
640,Kempel,Kumpul
641,Kempelan,Perkumpulan
642,Kenca,Kiri
643,Kenging,Dapat
644,Kentel,Kental
645,Kenteng,Genteng
646,Kenyed,Hentak
647,Kenyot,Isap
648,Keok,Kalah
649,Kerek,Mendengkur
650,Kerebek,Terkam
651,Kerepus,Topi
652,Keretas,Kertas
653,Kersa,Mau
654,Kersa,Sanggup
655,Kesang,Keringat
656,Kesed,Sepet
657,Keuheul,Jengkel
658,Keuheul,Geram
659,Keukeuh,Memaksa
660,Keukeup,Peluk
661,Keuneung,Tumit
662,Keupeul,Genggam
663,Keureut,Iris
664,Keusik,Pasir
665,Keuyeup,Kepiting Sawah
666,Kiat,Kuat
667,Kiceup,Kedip
668,Kidul,Selatan
669,Kieu,Begini
670,Kiih,Kencing
671,Kila-kila,Tanda-tanda
672,Kinca,Cairan Gula Aren
673,Kinten,Kira
674,Kinten-Kinten,Kira-kira
675,Kintun,Kirim
676,Kirang,Kurang
677,Kiridit,Kredit
678,Kirik,Anak
679,Kiripik,Keripik
680,Kiruh,Keruh
681,Kitu,Begitu
682,Kitu,Demikian
683,Kiwa,Kiri
684,Kiwari,Sekarang
685,Kiwari,Kini
686,Kobok,Memasukan Tangan
687,Kalapa,Kelapa
688,Kaleng,Aping
689,Kaler,Utara
690,Kalih,Juga
691,Kalong,Kalelawar
692,Kamar,Kamar
693,Kamari,Kemarin
694,Kampak,Kapak
695,Kampungan,Norak
696,Kadel,Tebal
697,Kanggo,Untuk
698,Kangkalung,Kalung
699,Kanyaho,Pengetahuan
700,Kaos Sangsang,Singlet
701,Kaping,Tanggal
702,Kapungkur,Dahulu
703,Kaput,Jahit
704,Karang,Tahi Lalat
705,Karaton,Istana
706,Kareueut,Manis Sekali
707,Kareunang,Gerah
708,Karunya,Kasian
709,Kasetrum,Tersengat Listrik
710,Kasuat-suat,Teringat-ingat
711,Katel,Wajan
712,Katuhu,Kanan
713,Kawas,Seperti
714,ka,ke
715,ka dieu,ke sini
716,ka ditu,ke sana
717,kabeh,semua
718,Kabentar,Tersambar
719,Kabiri,Kebiri
720,Kabogoh,Kekasih
721,Kaca,Halaman (buku)
722,kacida,Amat sangat
723,Kadel,awas
724,kadongdong,kedongdong
725,kadongkapan,kedatangan
726,kaduhung,menyesal
727,kaen,kain
728,kagoda,tergoda
729,kagungan,punya
730,kahatur,kepada
731,kai,kayu
732,Kajabi,kecuali
733,kajajaden,kejadian
734,kakandungan,hamil
735,kalangkang,bayangan
736,kuar,anak kutu rambut
737,kuciwa,kecewa
738,kudu,harus
739,kueh,kue
740,kukupu,kupu-kupu
741,kuah,kolam
742,kulambu,kelambu
743,kulawarga,keluarga
744,kulawargi,keluarga
745,kulem,tidur
746,kulon,barat
747,kulub,rebus
748,kulutus,gerutu
749,kumaha,bagaimana
750,kumbah,cuci
751,kumeli,kentang
752,kumis,kumis
753,kunaon,kenapa
754,kuncen,juru kunci
755,kunyit,jawawut
756,kunyuk,kera
757,kuping,dengar
758,kurang,kurang
759,kuring,Sayaap
760,kuris,cacar
761,kuru,kurus
762,kurung,kandang burung
763,kurupuk,kerupuk
764,kusir,kusir
765,kusumah,kesuma
766,kutang,bra
767,kuya,kura-kura
768,koceak,jerit
769,kojor,meninggal
770,kojor,mati
771,kolor,celana dalam
772,kolot,tua
773,komo,apa lagi
774,konci,kunci
775,koneng,kuning
776,koneng,kunyit
777,kongkorong,kalung
778,kored,kais
779,koret,pelit
780,korong,upil
781,koropak,bagian dari
782,koropok,keropos
783,korsi,kursi
784,kosok,gosok
785,ku,oleh
786,Lampah,Jalan yang ditempuh
787,Lamping,Pinggir Gunur
788,Lamun,Jika
789,Lana,Abadi
790,Lanceuk,Kakak
791,Lancingan,Celana
792,Landong,Obat
793,Lanaggam,Lagu
794,Langit,Langit
795,Langki,Langka
796,Langkung,Lebih
797,Langlayangan,layang-layang
798,Lantaran,Karena
799,Lantera,Lentera
800,Laauk,Ikan
801,Laun,Lambat
802,Lawon,Kain
803,Layad,Jenguk
804,Layeut,Selalu  Bersama
805,Layon,Kain
806,Layung,Lembayung
807,Le eh,Mencair
808,Lebar,Sayang
809,Lebu,Abu Gosok
810,Ledis,Habis Tidak Tersisa
811,Lega,Lebar
812,Lega,Luas
813,Leketek,Gelitik
814,Lekoh,Kental
815,Lelepen,Cincin
816,Leleson,Istirahat
817,Laat,Telat
818,Lada,Pedas
819,Lahan,Tanah
820,Lain,Bukan
821,Lanjeng,Kemudian
822,Laki Rabi,Suami Istri
823,Lalab,Lalap
824,Lalaki,Laki-laki
825,Kored,Kais
826,Laleur,Lalat
827,Lali,Lupa
828,Laluasa,Leluasa
829,Lambar,Lembar
830,Lambey,Bibir
831,Lami,Lama
832,Lamokot,Belepotan
833,Lamot,Jilat
834,Leumeung,Lemang
835,Leumpang,Jalan
836,Leungeun,Tangan
837,Leungit,Hilang
838,Leungit,Lenyap
839,Leupeut,Lontong
840,Leutak,Lumpur
841,Leutik,Kecil
842,Leuweung,Hutan
843,Leuweung Geledegan,Hutan Rimba
844,Leuwi,Kolam Pemandian
845,Leuwi,Lubuk
846,Leuwih,Lebih
847,Liang,Lobang
848,Liat,Alot
849,Lieuk,Toleh
850,Lieur,Pusing
851,Lila,Lama
852,Lilir,Bangun Tidur
853,Lima,Lima
854,Limpeuran,Lupa
855,Limpeuran,Pelupa
856,Lindeuk,Jinak
857,Linggih,Tinggal
858,Lini,Gempa
859,Lintuh,Gemuk
860,Lisa,Telur Kutu Rambut
861,Lisung,Alu
862,Loba,Banyak
863,Lonceng,Bel
864,Lodaya,Harimau
865,Lemah Cai,Tanah Air
866,Lembur,Desa
867,Lembur,Kampung
868,Lemes,Halus
869,Lempeng,Lurus
870,Lengkah,Langkah
871,Lenglang,Cerah
872,Lengoh,Tidak Bawa Apa-apa
873,Lentah,Lintah
874,Leot,Setrika
875,Lepat,Salah
876,Leres,Benar
877,Leres,Betul
878,Lesot,Lepas
879,Letah,Lidah
880,Letak,Jilat
881,Letoy,Lemah
882,Leutik,Lumbung
883,Leuleus,Lemas
884,Maehan,Membunuh
885,Mimiti,Mulai
886,Maenya,Masa
887,Minantu,Menantu
888,Mahiwal,Janggal
889,Mindeng,Sering
890,Majeng,Maju
891,Mios,Berangkat
892,Mitoha,Mertua
893,Maksad,Maksud
894,Modol,Beol
895,Makuta,Mahkota
896,Mojang,Gadis
897,Malenngpeng,Lempar Batu
898,Molelel,Asib Sekali
899,Males,Malas
900,Moncorong,Terik (Matahari)
901,Maling,Pencuri
902,Mondok,Inap
903,Mamang,Paman
904,Mongkleng,Gulita
905,Mana,Mana
906,Manah,Hati
907,Moro,Buru
908,Monyet,Kera
909,Manawi,Barangkali
910,Motekar,Kreatif
911,Mandi,Mandi
912,Muhun,Iya
913,Maneh,Kamu
914,Manehna,Dia
915,Muih,Pulang
916,Mangga,Silahkan
917,Manggu,Manggis
918,Muncrat,Mancur
919,Manggul,Pikul
920,Munding,Kerbau
921,Mangrupa,Berupa
922,Munggaran,Pertama
923,Mangsa,Saat
924,Murag,Jatuh
925,Mangsi,Tinta
926,Murangkalih,Anak Kecil
927,Mantep,Mantap
928,Manul,Burung
929,Maot,Meninggal Dunia
930,Margi,Karena
931,Masang,Pasang
932,Masih,Masih
933,Mastaka,Kepala
934,Matak,Membuat
935,Mateni,Membunuh
936,Maung,Harimau
937,Mayit,Mayat
938,Medit,Kikir
939,Melak,Tanam
940,Mencrang,Berkilau
941,Mengkol,Belok
942,Mengpar,Lempar
943,Menta,Minta
944,Meong,Harimau
945,Meri,Itik
946,Meri,Bebek
947,Meser,Membeli
948,Metot,Tarik
949,Meumpeun,Menutup Mata
950,Meunang,Menang
951,Miceun,Buang
952,Mieling,Mengenang
953,Madu,Madu
954,Milu,Ikut
955,Mutuskeun,Memutuskan
956,Mutu,Ulekan
957,Muriangkak,Merinding
958,Muriang,Demam
959,Naek,Naik
960,Namba,Menimba
961,Nami,Nama
962,Namung,Tetapi
963,Nangkarak,Terlentang
964,Nangkring,Mejeng
965,Nagkuban,Telungkup
966,Nangtung,Berdiri
967,Naon,Apa
968,Narpati,Raja
969,Nawis,Menawarkan
970,Neda,Makan
971,Nembe,Barusan
972,Nene,Nenek
973,Nerekel,Panjat
974,Ngabolekerkeun,Membuka
975,Ngadeg,Berdiri
976,Ngadegdeg,Oleng
977,Ngagitek,Menari
978,Ngahondhod,Menggigil
979,Ngalamun,Melamun
980,Ngalangkung,Lewat
981,Ngapung,Terbang
982,Ngaran,Nama
983,Ngarasa,Merasa
984,Ngareuah-reuah,Menyemarakan
985,Ngarogahala,Membunuh
986,Ngawitan,Mulai
987,Ngenaan,Mengenai
988,Ngendong,Menginap
989,Ngeunah,Lezat
990,Ngijih,Musim Hujan
991,Ngimpleng,Mengingat
992,nginum,minum
993,ngomong,bicara
994,ngora,muda
995,ngorondang,merangkap
996,nincak,injak
997,nikah,menikah
998,ningal,melihat
999,ningal,lihat
1000,nini,nenek
1001,notog,meluncur
1002,nuju,sedang
1003,numpak,menaiki
1004,nyaah,sayang
1005,nyaeta,yaitu
1006,nyaeta,ialah
1007,nyaho,tahu
1008,nyakclak,titik air
1009,nyalukan,panggil
1010,nyambat,memanggil
1011,nyangkrung,menggenang
1012,nyangsang,tersangkut
1013,nyaram,melarang
1014,nyarek,melarang
1015,nyarios,bicara
1016,nyere,lidi
1017,nyeri,sakit
1018,nyeuneu,berapi-api
1019,nyeureud,menyengat
1020,nyeuseuh,mencuci baju
1021,nyiksenan,menyaksikan
1022,nyiruan,lebah
1023,nyiwit,cubit
1024,nyongcolang,terbaik
1025,nyumput,tersembunyi
1026,ngadegkeun,mendirikan
1027,nyuruput,meminum
1028,nyuruput,seruput
1029,Pantrang,Tak Pernah
1030,Panyawat,Penyakit
1031,Paok,Curi
1032,Papada,Sesama
1033,Papah,Jalan
1034,Papatong,Capung
1035,Papay,Telusuri
1036,Papendak,Bertemu
1037,Parabot,Peralatan
1038,Paranti,Untuk (Kegunaan)
1039,Parantos,Sudah
1040,Paras,Cukur
1041,Parawan,Perawan
1042,Pareum,Padam
1043,Paria,Pare
1044,Parin,Serah/memberikan
1045,Parung,Jeram
1046,Pacabakan,Pegangan
1047,pagawean,pekerjaan
1048,pasagi,persegi
1049,pacilingan,wc
1050,pasanggiri,lomba
1051,pacul,cangkul
1052,pasea,bertengkar
1053,pasini,janji
1054,padaharan,perut
1055,pasir,bukit
1056,paeh,meninggal
1057,pasisian,kota pinggiran
1058,pageto,besok lusa
1059,patali,berkaitan
1060,pahatu,piatu
1061,patlot,pensil
1062,patuangan,perut
1063,pait,pahit
1064,patut,tampang
1065,pajaratan,kuburan
1066,pawon,dapur
1067,pakarangan,halaman rumah
1068,payun,depan
1069,pake,pakai
1070,pecut,cambuk
1071,palangkakan,selangkangan
1072,pedes,lada
1073,plastik,plastik
1074,pegek,pesek
1075,palay,mau
1076,pek,silahkan
1077,palid,hanyut
1078,pelak,tanam
1079,pelak,menanam
1080,panangan,tangan
1081,panon,mata
1082,percanten ,percaya
1083,pangambung,hidung
1084,perhatosan,pengertian
1085,perkara ,hal
1086,pahatu lalis,yatim piatu
1087,perkawis,perihal
1088,panonpoe,matahari
1089,pamajikan ,isteri
1090,peryogi,perlu
1091,putra,anak
1092,pangaos ,harga
1093,panceg,teguh
1094,pancen,tugas
1095,paneunggeul,pemukul
1096,pengkolan,belokan
1097,pameget,lai-laki
1098,pengker,belakang
1099,pengkol,belok
1100,mengkol,membelok
1101,pengpar,lari ke sebelah
1102,pendak,bertemu
1103,pelong,tatap
1104,panganten,pengantin
1105,Rada,Agak
1106,Ragaji,Gergaji
1107,Ragrag,Jatuh
1108,Raheut,Luka
1109,Rahul,Bohong
1110,Rajin,Giat
1111,Raka,Kakak
1112,Raket,Intim
1113,Raksukan,Baju
1114,Raksukan,Pakaian
1115,Rambut,Rambut
1116,Rame,Ramai
1117,Ramo,Jari
1118,Rampak,Gabung
1119,Rampung,Beres
1120,Ranca,Rawa
1121,Rancucut,Basah Kuyup
1122,Randa,Janda
1123,Randa Bengsrat,Janda
1124,Ranggeum,Cengkram
1125,Rangu,Renyah
1126,Raos,Enak
1127,Raraosan,Perasaan
1128,Raray,Wajah
1129,Raray,Muka
1130,Rawayan,Jembatan
1131,Reang,Riuh
1132,Receh,Uang Kecil
1133,Regot,Seruput
1134,Rehe,Rese
1135,Rencang,Teman
1136,Rengkong,Berhenti Tiba-Tiba
1137,Rengkuh,Hormat
1138,Rengse,Selesai
1139,Repeh,Hening
1140,Reueus,Bangga
1141,Reuma,Jari
1142,Reuneuh,Hamil
1143,Reungit,Nyamuk
1144,Reuwas,Terkejut
1145,Rewog,Lahap
1146,Reyod,Reot
1147,Rikrik,Hemat
1148,Ringsek,Ringkas
1149,Rorompok,Rumah
1150,Ruhay,Bara Api
1151,Ruksak,Rusak
1152,Rumaos,Merasa
1153,Rumbah,Kumis
1154,Rungsing,Ruwet
1155,Runtah,Sampah
1156,Rupa,Macam
1157,Rupa,Jenis
1158,Rupi,Macam
1159,Rupi,Jenis
1160,Rusiah,Rahasia
1161,Rusuh,Terburu-buru
1162,Sobat,Sahabat
1163,Nyaah,Sayang
1164,Sobat Dalit,Sahabat Dekat
1165,Jangjang,Sayap
1166,Nyeri,Sakit
1167,Nyeri,Sakit
1168,Sapalih,Sebagian
1169,Sawareh,Sebagian
1170,Sabalikna,Sebaliknya
1171,Lepat,Salah
1172,Teu Leres,Salah
1173,Sapalih,Sebelah
1174,Sabeulah,Sebelah
1175,Sarua,Sama
1176,Sami,Sama
1177,Sesama,Sama
1178,Gigireun,Sebelahan
1179,Sambel,Sambal
1180,Sabelas,Sebelas
1181,Sawelas,Sebelas
1182,Nyambat,Sambat
1183,Nyebat,Sebut
1184,Menyebutkeun,Sebut
1185,Sabet,Sambit
1186,Kadek,Sambit
1187,Nuju,Sedang
1188,Runtah,Sampah
1189,Udur,Sedang sakit
1190,Tunggara,Sedih
1191,Sendal,Sandal
1192,Walagri,Sehat
1193,Sendal Capit,Sandal Jepit
1194,Ayeuna,Sekarang
1195,Palangkakan,Selangkangan
1196,Solokan,Selokan
1197,Soweh,Sobek
1198,sowek,Sobek
1199,Sarupaning,Semacam
1200,Sonten,Sore
1201,Sumanget,Semangat
1202,Caroge,Suami
1203,Salaki,Suami
1204,Salapan,Sembilan
1205,Parantos,Sudah
1206,Atos,Sudah
1207,Heureut,Sempit
1208,Tos lami linggih di dieu,Sudah Lama Tinggal Di sini
1209,Sadaya,Semua
1210,Kabeh,Semua
1211,Sireum,Semut
1212,Tos tuang teu acan,Sudah makan belom
1213,Bungah,Senang
1214,Susulan,Sungai
1215,Sapatu,Sepatu
1216,Sesah,Susah
1217,Hese,Susah
1218,Sepuluh,Sepuluh
1219,Peura,Serak
1220,Saratu,Seratus
1221,Saratus Rebu,Seratus Ribu
1222,Serebu,Seribu
1223,Beurang,Siang
1224,Saha,Siapa
1225,Mangga,Silahkan
1226,Laat,Telat
1227,Rerencangan,Teman
1228,Manggih,Temu
1229,Pendak,Temu
1230,Perkawis,Tentang
1231,Tepas,Teras
1232,Tadi,Tadi
1233,Nyongcolang,Terbaik
1234,Karang,Tahi Lalat
1235,Kagoda,Tergoda
1236,Sieun,Takut
1237,Kasuat-suat,Teringat-ingat
1238,Cabok,Tampar
1239,Gampleng,Tampar
1240,Kerekeb,Terkam
1241,Gabrug,Terkam
1242,Taneuh,Tanah
1243,Kebentar Gelap,Terkena Petir
1244,Tegalan,Tanah Lapang
1245,Kaasup,Termasuk
1246,Kalebet,Termasuk
1247,Menandakan,Tanda
1248,Tanda,Tanda
1249,Kasetrum,Tersengat Listrik
1250,Suri,Tersenyum
1251,Imut,Tersenyum
1252,Leungeun,Tangan
1253,Panangan,Tangan
1254,Taraje,Tangga Bambu
1255,Nyiru,Tapian
1256,Tihang,Tiang
1257,Nyaho,Tau
1258,Uninga,Tau
1259,Terang,Tau
1260,Henteu,Tidak
1261,Moal,Tidak Akan
1262,Moal,Tidak Mau
1263,Alim,Tidak Mau
1264,Teuing,Tidak Tau
1265,Teu Terang,Tidak Tau
1266,Duka,Tidak Tau
1267,Sare,Tidur
1268,Bobo,Tidur
1269,Kulem,Tidur
1270,Tilu,Tiga
1271,Beurit,Tikus
1272,Linggih,Tinggal dimana
1273,Linggih,Tinggalnya
1274,Tere,Tiri
1275,Bantos,Tolong
1276,Tulung,Tolog
1277,Kerepus,Topi
1278,Topi,Topi
1279,Sepuh,Tua
1280,Kolot,Tua
1281,Tujuh,Tujuh
1282,Tojos,Tusuk
1283,Linggih,Tinggalnya
1284,Tere,Tiri
1285,Bantos,Tolong
1286,Tulung,Tolog
1287,Kerepus,Topi
1288,Topi,Topi
1289,Sepuh,Tua
1290,Kolot,Tua
1291,Tujuh,Tujuh
1292,Tojos,Tusuk
,,
,,
,,
,,
,,
,,
,,
,,
,,
,,
,,
,,
,,
,,
,,
,,
,,
,,
,,
,,
,,
,,
,,
,,
,,
,,
,,
,,
,,
,,
,,
,,
,,
,,
,,
,,
,,
,,
,,
,,
,,
,,
,,
,,
,,
,,
,,
,,
,,
,,
,,
,,
,,
,,
,,
,,
,,
,,
,,
,,
,,
,,
,,
,,
,,
,,
,,
,,
,,
,,
,,
,,
,,
,,
,,
,,
,,
,,
,,
,,
,,
,,
,,
,,
,,
,,
,,
,,
,,
,,
,,
,,
,,
,,
,,
,,
,,
,,
,,
,,
,,
,,
,,
,,
,,
,,
,,
,,
,,
,,
,,
,,
,,
,,
,,
,,
,,
,,
,,
,,
,,
,,
,,
,,
,,
,,
,,
,,
,,
,,
,,
,,
,,
,,
,,
,,
,,
,,
,,
,,
,,
,,
,,
,,
,,
,,
,,
,,
,,
,,
,,
,,
,,
,,
,,
,,
,,
,,
,,
,,
,,
,,
,,
,,
,,
,,
,,
,,
,,
,,
,,
,,
,,
,,
,,
,,
,,
,,
,,
,,
,,
,,
,,
,,
,,
,,
,,
,,
,,
,,
,,
,,
,,
,,
,,
,,
,,
,,
,,
,,
,,
,,
,,
,,
,,
,,
,,
,,
,,
,,
,,
,,
,,
,,
,,
,,
,,
,,
,,
,,
,,
,,
,,
,,
,,
,,
,,
,,
,,
,,
,,
,,
,,
,,
,,
,,
,,
,,
,,
,,
,,
,,
,,
,,
,,
,,
,,
,,
,,
,,
,,
,,
,,
,,
,,
,,
,,
,,
,,
,,
,,
,,
,,
,,
,,
,,
,,
,,
,,
,,
,,
,,
,,
,,
,,
,,
,,
,,
,,
,,
,,
,,
,,
,,
,,
,,
,,
,,
,,
,,
,,
,,
,,
,,
,,
,,
,,
,,
,,
,,
,,
,,
,,
,,
,,
,,
,,
,,
,,
,,
,,
,,
,,
,,
,,
,,
,,
,,
,,
,,
,,
,,
,,
,,
,,
,,
,,
,,
,,
,,
,,
,,
,,
,,
,,
,,
,,
,,
,,
,,
,,
,,
,,
,,
,,
,,
,,
,,
,,
,,
,,
,,
,,
,,
,,
,,
,,
,,
,,
,,
,,
,,
,,
,,
,,
,,
,,
,,
,,
,,
,,
,,
,,
,,
,,
,,
,,
,,
,,
,,
,,
,,
,,
,,
,,
,,
,,
,,
,,
,,
,,
,,
,,
,,
,,
,,
,,
,,
,,
,,
,,
,,
,,
,,
,,
,,
,,
,,
,,
,,
,,
,,
,,
,,
,,
,,
,,
,,
,,
,,
,,
,,
,,
,,
,,
,,
,,
,,
,,
,,
,,
,,
,,
,,
,,
,,
,,
,,
,,
,,
,,
,,
,,
,,
,,
,,
,,
,,
,,
,,
,,
,,
,,
,,
,,
,,
,,
,,
,,
,,
,,
,,
,,
,,
,,
,,
,,
,,
,,
,,
,,
,,
,,
,,
,,
,,
,,
,,
,,
,,
,,
,,
,,
,,
,,
,,
,,
,,
,,
,,
,,
,,
,,
,,
,,
,,
,,
,,
,,
,,
,,
,,
,,
,,
,,
,,
,,
,,
,,
,,
,,
,,
,,
,,
,,
,,
,,
,,
,,
,,
,,
,,
,,
,,
,,
,,
,,
,,
,,
,,
,,
,,
,,
,,
,,
,,
,,
,,
,,
,,
,,
,,
,,
,,
,,
,,
,,
,,
,,
,,
,,
,,
,,
,,
,,
,,
,,
,,
,,
,,
,,
,,
,,
,,
,,
,,
,,
,,
,,
,,
,,
,,
,,
,,
,,
,,
,,
,,
,,
,,
,,
,,
,,
,,
,,
,,
,,
,,
,,
,,
,,
,,
,,
,,
,,
,,
,,
,,
,,
,,
,,
,,
,,
,,
,,
,,
,,
,,
,,
,,
,,
,,
,,
,,